Enterobacter cloacae	1.00000824108996
Pantoea ananatis	0.0655052320014472
Pectobacterium carotovorum	0.00285822
Escherichia coli	1.99706166214224
Shimwellia blattae	0.0063119721722488
Escherichia fergusonii	0.0560586956521739
Escherichia hermannii	0.577966363636364
Hafnia alvei	0.0336864285714286
Klebsiella oxytoca	2.45975762452107
