Subdoligranulum variabile	0.00436761956666667
Bacteroides stercorirosoris	0.0573899164
Pseudomonas fluorescens	0.00192600913793103
Escherichia coli	0.0284657844137931
Streptococcus infantarius	0.00666363293103448
Bifidobacterium scardovii	0.11498437837931
Bifidobacterium longum	0.034973932862069
Jejuia pallidilutea	0.0260559827241379
Selenomonas ruminantium	0.0250877110357143
